{
  "policy": "individualized_signal_primary_raw_signal_auxiliary",
  "primary_weight": 0.85,
  "raw_auxiliary_weight": 0.15,
  "raw_auxiliary_role": "confidence_only_no_label_override",
  "raw_profiles": {
    "Class_1": {
      "n_segments": 3,
      "n_pulses": 101090,
      "pri_median": 6.021000000133725,
      "pri_median_scale": 22.57450000003186,
      "pw_median": 1.399999976158142,
      "pw_median_scale": 0.2600000202655792,
      "pulse_density": 18190.0,
      "pulse_density_scale": 15053.75,
      "rf_iqr": 68.1005859375,
      "rf_iqr_scale": 20.39642333984375,
      "doa_unwrapped_range": 0.0,
      "doa_unwrapped_range_scale": 1e-06,
      "pa_cv": 0.041084909750011785,
      "pa_cv_scale": 0.004108490975001179,
      "pa_periodicity": 0.02739533801096064,
      "pa_periodicity_scale": 0.013831472124479018
    },
    "Class_2": {
      "n_segments": 3,
      "n_pulses": 68332,
      "pri_median": 36.95900000000307,
      "pri_median_scale": 5.36874999995662,
      "pw_median": 1.600000023841858,
      "pw_median_scale": 1.7899999916553497,
      "pulse_density": 9820.0,
      "pulse_density_scale": 10807.5,
      "rf_iqr": 26.376953125,
      "rf_iqr_scale": 38.78759765625,
      "doa_unwrapped_range": 0.0,
      "doa_unwrapped_range_scale": 1e-06,
      "pa_cv": 0.08219892483101887,
      "pa_cv_scale": 0.05085574039655977,
      "pa_periodicity": 0.06620003557679774,
      "pa_periodicity_scale": 0.11953133802921496
    },
    "Class_3": {
      "n_segments": 2,
      "n_pulses": 51052,
      "pri_median": 12.379500000006537,
      "pri_median_scale": 4.203500000007908,
      "pw_median": 0.8875000029802322,
      "pw_median_scale": 0.10250000655651093,
      "pulse_density": 32702.5,
      "pulse_density_scale": 7002.5,
      "rf_iqr": 39.98406982421875,
      "rf_iqr_scale": 19.42022705078125,
      "doa_unwrapped_range": 0.0,
      "doa_unwrapped_range_scale": 1e-06,
      "pa_cv": 0.02789034730902691,
      "pa_cv_scale": 0.004117048357601273,
      "pa_periodicity": 0.06663147041230967,
      "pa_periodicity_scale": 0.046310101598051184
    },
    "Class_4": {
      "n_segments": 3,
      "n_pulses": 67068,
      "pri_median": 11.589999999950251,
      "pri_median_scale": 5.481124999928699,
      "pw_median": 2.0199999809265137,
      "pw_median_scale": 0.20199999809265137,
      "pulse_density": 24580.0,
      "pulse_density_scale": 2458.0,
      "rf_iqr": 3.9599609375,
      "rf_iqr_scale": 28.4327392578125,
      "doa_unwrapped_range": 0.0,
      "doa_unwrapped_range_scale": 1e-06,
      "pa_cv": 0.09417340589415585,
      "pa_cv_scale": 0.0662430942463845,
      "pa_periodicity": 0.060729296462404096,
      "pa_periodicity_scale": 0.10231722235137156
    }
  },
  "n_labels": 144,
  "n_radars": 9
}